ID,Name
100271,Baker Geraldine
100272,Wilson Gia
100273,Hughes Gianna
100274,Patel Giselle
100275,Rogers Grace
100276,Young Guadalupe
100277,Ali Hailey
100278,Rodriguez Haley
100279,Murphy Hannah
100280,Rose Haylee
100281,Evans Hayley
100282,Parker Hazel
100283,Gomez Heaven
100284,Shah Heidi
100285,Gonzalez Heidy
100286,Martin Helen
100287,Rivera Imani
100288,Young Ingrid
100289,Roberts Irene
100290,Kim Iris
100291,Shah Isabel
100292,Lee Isabela
100293,King Isabella
100294,King Isabelle
100295,Carter Isis
100296,Jackson Itzel
100297,Lee Izabella
100298,Nelson Jacqueline
100299,Hernandez Jada
100300,Rodriguez Jade
100301,Mendoza Jaelynn
100302,Wright Jamie
100303,Baker Janelle
100304,Flores Jaslene
100305,Tan Jasmin
100306,Gomez Jasmine
100307,Gray Jayda
100308,Taylor Jayla
100309,Rodriguez Jaylah
100310,Love Jayleen
100311,Parker Jaylene
100312,Love Jaylin
100313,Wright Jaylyn
100314,Sanchez Jazlyn
100315,Cooper Jazmin
100316,Thomas Jazmine
100317,Diaz Jennifer
100318,Garcia Jessica
100319,Cooper Jimena
100320,Singh Jocelyn
100321,Richardson Johanna
100322,Mendoza Joselyn
100323,Martin Julia
100324,Ahmed Juliana
100325,Bell Julianna
100326,Chan Juliet
100327,Rogers Juliette
100328,Bailey Julissa
100329,Sharma Kaelyn
100330,Kelly Kailey
100331,Nguyen Kailyn
100332,Ali Kaitlyn
100333,Campbell Kamila
100334,Thompson Karen
100335,Jain Karla
100336,Cooper Kate
100337,Shah Katelyn
100338,Brown Katelynn
100339,James Katherine
100340,Jones Katie
100341,Bailey Kayla
100342,Torres Kaylee
100343,Young Kayleen
100344,Moore Kayleigh
100345,Robinson Kaylie
100346,Gray Kaylin
100347,Adams Keily
100348,Chan Kelly
100349,Wright Keyla
100350,Young Khloe
100351,Mendoza Kiara
100352,Diaz Kimberly
100353,Kumar Krystal
100354,Lewis Kylee
100355,Green Kylie
100356,Martin Laila
100357,Clark Laura
100358,Khan Lauren
100359,Bailey Layla
100360,Turner Lea
100361,Martinez Leah
100362,Taylor Leila
100363,Cook Leilani
100364,Miller Lesley
100365,Gomez Leslie
100366,Singh Lesly
100367,Davis Leyla
100368,Chan Lia
100369,Ramos Liana
100370,Turner Liliana
100371,Harris Lily
100372,Flores Lindsay
100373,Gray Lizbeth
100374,Cook London
100375,Torres Lucia
100376,James Luna
100377,Johnson Luz
100378,Clark Madeline
100379,Ward Madelyn
100380,Allen Madison
100381,Martinez Makayla
100382,Lewis Maria
100383,Cooper Mariah
100384,Rogers Mariana
100385,Hughes Marilyn
100386,Collins Marisol
100387,Williams Maya
100388,Brown Megan
100389,Hernandez Melanie
100390,Santos Melany
100391,Morgan Melissa
100392,Ali Melody
100393,Rodriguez Mia
100394,Lewis Miah
100395,Patel Michelle
100396,Cruz Mikaela
100397,Murphy Mikayla
100398,Hall Mila
100399,Kelly Miley
100400,Ramos Miranda
100401,Stewart Miriam
100402,Perez Mya
100403,Allen Nadia
100404,Watson Nancy
100405,Bell Naomi
100406,Rogers Natalia
100407,Brown Natalie
100408,Reyes Nataly
100409,Jackson Natasha
100410,Bell Nathalia
100411,Gonzalez Nathalie
100412,Parker Nathaly
100413,Ward Nayeli
100414,Jain Nevaeh
100415,Garcia Nicole
100416,Cruz Nina
100417,Sharma Noemi
100418,Adams Nyla
100419,Khan Olivia
100420,Gomez Paola
100421,King Penelope
100422,Jackson Perla
100423,Kelly Rachel
100424,Rivera Raquel
100425,Campbell Rebecca
100426,Parker Rihanna
100427,Kumar Riley
100428,Thompson Rosa
100429,Cruz Rose
100430,Diaz Roselyn
100431,Singh Ruby
100432,Hughes Sabrina
100433,Lim Sadie
100434,Evans Samantha
100435,Bennett Samara
100436,Ali Sara
100437,Murphy Sarah
100438,Diaz Sarai
100439,Walker Sariah
100440,Gonzalez Sasha
100441,Gomez Savanna
100442,Watson Savannah
100443,Evans Scarlet
100444,Martinez Scarlett
100445,Miller Selena
100446,Harris Serenity
100447,Richardson Sherlyn
100448,Kumar Shirley
100449,Roberts Sienna
100450,Martin Skyla
100451,Bell Skylar
100452,Jackson Sofia
100453,Parker Sophia
100454,Reyes Sophie
100455,Green Stacy
100456,Gomez Stella
100457,Gomez Stephanie
100458,Collins Stephany
100459,Evans Tatiana
100460,Jain Taylor
100461,Evans Tiana
100462,Harris Tiffany
100463,Nguyen Valentina
100464,Garcia Valeria
100465,Bennett Valerie
100466,Gray Vanessa
100467,Parker Veronica
100468,Taylor Victoria
100469,Gonzalez Violet
100470,Kelly Viviana
100471,Rose Wendy
100472,Ramos Ximena
100473,Green Yamilet
100474,Gupta Yaretzi
100475,Perez Zoe
100476,Bell Zoey
100477,Ramos Abigail
100478,Martin Addison
100479,Young Adele
100480,Diaz Adeline
100481,Young Adina
100482,Rose Adriana
100483,Evans Adrianna
100484,Ramirez Ahuva
100485,Wood Alessandra
100486,Bell Alessia
100487,Parker Alexa
100488,Murphy Alexandra
100489,Clark Alexis
100490,Taylor Alice
100491,Ward Alicia
100492,Watson Alina
100493,Lewis Alisa
100494,Hernandez Aliza
100495,Gonzalez Allison
100496,Khan Alyssa
100497,Diaz Amanda
100498,Perez Amelia
100499,White Amelie
100500,Turner Amina
100501,Reyes Amira
100502,Watson Amy
100503,Kim Anastasia
100504,Reyes Angelica
100505,Carter Angelina
100506,Martinez Anna
100507,Carter Annabel
100508,Torres Annabelle
100509,Bell Ariana
100510,James Arianna
100511,Robinson Ariel
100512,Morgan Ariela
100513,Harris Ariella
100514,Ahmed Ashley
100515,Edwards Atara
100516,Gomez Aubrey
100517,Kumar Audrey
100518,Diaz Autumn
100519,Allen Ava
100520,Bennett Avery
100521,Miller Avigail
100522,Turner Aviva
100523,Roberts Ayla
100524,Walker Baila
100525,Love Barbara
100526,Morris Batsheva
100527,Cooper Batya
100528,Ramos Beatrice
100529,Collins Bella
100530,Sharma Bianca
100531,Wong Blake
100532,Gomez Blima
100533,Torres Blimy
100534,Davis Bracha
100535,Edwards Breindy
100536,Singh Brianna
100537,Santos Bridget
100538,Hernandez Brooke
100539,Lopez Brooklyn
100540,Reyes Brucha
100541,Thompson Bruchy
100542,Santos Brynn
100543,Chan Caitlin
100544,Watson Cameron
100545,Ramos Caroline
100546,Morgan Casey
100547,Hill Catherine
100548,Moore Cecilia
100549,Collins Celia
100550,Gray Chana
100551,Cruz Chany
100552,Khan Charlie
100553,White Charlotte
100554,Martin Chava
100555,Bailey Chavy
100556,Sanchez Chaya
100557,Reyes Chloe
100558,Hernandez Christina
100559,Adams Claire
100560,Campbell Clara
100561,Kumar Colette
100562,Robinson Cora
100563,Thomas Dahlia
100564,Green Daisy
100565,Parker Dalia
100566,Baker Daniela
100567,Ward Daniella
100568,Rivera Danielle
100569,Campbell Devora
